id;date_heure_modification;date_heure_creation;uti_cree;uti_modifie
1;2025-09-01T00:08:21;2025-09-01T00:10:02;30125;9730
2;2025-08-31T18:18:29;2025-09-01T08:28:28;11544;32647
3;2025-08-31T22:45:39;2025-08-31T23:54:34;9877;28527
4;2025-08-31T17:53:48;2025-09-01T03:24:06;6859;14280
5;2025-08-31T15:19:06;2025-09-01T09:59:35;15040;2513
6;2025-08-31T13:43:46;2025-09-01T03:14:45;22190;21747
7;2025-08-31T19:24:09;2025-08-31T13:36:09;32338;5798
8;2025-08-31T18:00:16;2025-08-31T14:19:05;29708;25667
9;2025-08-31T18:29:18;2025-09-01T02:04:43;4929;29099
10;2025-09-01T01:24:13;2025-08-31T11:19:43;5653;15519
