id;date_controle;observation;date_heure_modification;date_heure_creation;uti_cree;uti_modifie
1;2025-09-01T07:01:57;wee rightfully;2025-08-31T19:53:21;2025-08-31T12:17:17;1982;6484
2;2025-08-31T13:47:35;that ensconce dart;2025-08-31T23:48:24;2025-09-01T09:50:18;21811;13461
3;2025-08-31T21:53:10;assign into;2025-09-01T03:58:04;2025-08-31T21:00:34;8526;1827
4;2025-09-01T06:37:08;as julienne decimalize;2025-08-31T16:59:11;2025-08-31T23:04:59;1363;18841
5;2025-08-31T23:24:04;cummerbund pessimistic next;2025-08-31T20:44:48;2025-09-01T06:44:26;1871;18330
6;2025-08-31T16:49:09;acidly;2025-09-01T04:20:35;2025-08-31T21:45:31;3933;26946
7;2025-08-31T22:04:00;evil;2025-09-01T02:52:39;2025-09-01T07:04:34;19032;28093
8;2025-08-31T22:00:08;huzzah wrathful;2025-08-31T13:37:59;2025-08-31T14:15:24;898;27713
9;2025-09-01T10:06:25;inhabitant;2025-08-31T21:36:35;2025-09-01T07:13:50;1671;13844
10;2025-08-31T13:03:16;like prop rot;2025-08-31T20:30:11;2025-08-31T22:26:10;31796;2383
