id;actif;date_heure_modification;date_heure_creation;uti_cree;uti_modifie
1;false;2025-08-31T21:08:49;2025-09-01T08:34:47;25116;23292
2;false;2025-08-31T21:13:23;2025-09-01T08:23:34;8451;19698
3;false;2025-09-01T00:48:33;2025-09-01T00:16:02;13825;15495
4;true;2025-09-01T01:27:06;2025-08-31T13:14:27;10631;2573
5;false;2025-09-01T06:24:02;2025-08-31T10:18:23;5393;28508
6;true;2025-08-31T22:36:15;2025-08-31T17:57:44;12820;8337
7;true;2025-09-01T03:05:30;2025-08-31T16:53:54;346;26670
8;false;2025-08-31T18:12:19;2025-08-31T21:18:25;24326;14843
9;true;2025-08-31T18:22:46;2025-09-01T00:18:11;13078;23468
10;false;2025-09-01T07:31:07;2025-08-31T20:58:52;31344;26179
