id;nom;date_nomination;date_fin;date_heure_modification;date_heure_creation;uti_cree;uti_modifie
1;impassioned um pat;2025-08-31T15:20:21;2025-08-31T20:08:59;2025-08-31T14:05:28;2025-08-31T13:32:40;9592;15509
2;mmm without;2025-08-31T18:42:22;2025-08-31T19:09:36;2025-08-31T13:29:33;2025-08-31T16:49:55;16453;19005
3;earmark;2025-08-31T23:45:27;2025-08-31T19:51:52;2025-08-31T11:15:43;2025-08-31T23:42:57;14492;10759
4;beyond top-hat hence;2025-08-31T20:51:53;2025-09-01T09:23:01;2025-08-31T20:28:13;2025-09-01T01:23:22;5542;14189
5;pare;2025-09-01T06:28:06;2025-09-01T02:33:52;2025-08-31T18:52:04;2025-09-01T00:02:26;7136;4214
6;oof frenetically;2025-09-01T05:23:10;2025-08-31T10:15:34;2025-08-31T15:29:19;2025-09-01T02:48:00;29501;13773
7;carrot creepy jolly;2025-08-31T19:18:10;2025-08-31T19:34:45;2025-09-01T08:08:10;2025-08-31T11:40:53;25581;10984
8;belt advance;2025-09-01T00:01:51;2025-09-01T03:07:33;2025-08-31T13:27:16;2025-09-01T06:43:47;26343;18498
9;date stiletto considering;2025-09-01T06:50:15;2025-08-31T20:15:23;2025-09-01T04:20:00;2025-08-31T21:22:33;12212;6037
10;green inside educated;2025-08-31T13:13:26;2025-08-31T14:25:44;2025-09-01T07:02:58;2025-08-31T17:27:15;1229;23897
